OPEN_DATE;OPEN_TIME;CLOSE_DATE;CLOSE_TIME;OPEN;HIGH;LOW;CLOSE;VOLUME;DELTA;ASK;BID;EXPIRATION
03.01.2012;02:00;04.01.2012;02:00;1.3085;1.3085;1.3020;1.3085;132084;-1714;65185;66899;03-12
03.01.2012;02:00;04.01.2012;02:00;1.3062;1.3062;1.3053;1.3062;668;-72;298;370;03-12
04.01.2012;02:00;05.01.2012;02:00;1.3062;1.3080;1.2904;1.3062;213346;-4188;104579;108767;03-12
04.01.2012;02:00;05.01.2012;02:00;1.2951;1.2951;1.2936;1.2951;1637;-73;782;855;03-12
05.01.2012;02:00;06.01.2012;02:00;1.2951;1.2952;1.2777;1.2951;260523;1471;130997;129526;03-12
05.01.2012;02:00;06.01.2012;02:00;1.2802;1.2802;1.2788;1.2802;1218;-154;532;686;03-12
06.01.2012;02:00;07.01.2012;02:00;1.2802;1.2820;1.2703;1.2802;225083;-11389;106847;118236;03-12
08.01.2012;02:00;09.01.2012;02:00;1.2700;1.2700;1.2673;1.2700;3280;-270;1505;1775;03-12
09.01.2012;02:00;10.01.2012;02:00;1.2700;1.2791;1.2683;1.2700;181402;2240;91821;89581;03-12
09.01.2012;02:00;10.01.2012;02:00;1.2788;1.2788;1.2768;1.2788;1519;139;829;690;03-12
10.01.2012;02:00;11.01.2012;02:00;1.2788;1.2824;1.2747;1.2788;205786;4706;105246;100540;03-12
10.01.2012;02:00;11.01.2012;02:00;1.2779;1.2779;1.2753;1.2779;1744;-484;630;1114;03-12
11.01.2012;02:00;12.01.2012;02:00;1.2779;1.2794;1.2664;1.2779;284849;-4777;140036;144813;03-12
11.01.2012;02:00;12.01.2012;02:00;1.2726;1.2726;1.2710;1.2726;1658;-124;767;891;03-12
12.01.2012;02:00;13.01.2012;02:00;1.2726;1.2848;1.2702;1.2726;312744;746;156745;155999;03-12
12.01.2012;02:00;13.01.2012;02:00;1.2826;1.2826;1.2814;1.2826;1512;-236;638;874;03-12
13.01.2012;02:00;14.01.2012;02:00;1.2826;1.2884;1.2627;1.2826;389842;-1412;194215;195627;03-12
16.01.2012;02:00;17.01.2012;02:00;1.2672;1.2672;1.2651;1.2672;1822;308;1065;757;03-12
17.01.2012;02:00;18.01.2012;02:00;1.2672;1.2820;1.2668;1.2672;278619;4965;141792;136827;03-12
17.01.2012;02:00;18.01.2012;02:00;1.2749;1.2749;1.2740;1.2749;1223;469;846;377;03-12
18.01.2012;02:00;19.01.2012;02:00;1.2749;1.2872;1.2736;1.2749;348919;7517;178218;170701;03-12
18.01.2012;02:00;19.01.2012;02:00;1.2868;1.2868;1.2855;1.2868;1463;237;850;613;03-12
19.01.2012;02:00;20.01.2012;02:00;1.2868;1.2975;1.2841;1.2868;276861;3969;140415;136446;03-12
19.01.2012;02:00;20.01.2012;02:00;1.2973;1.2973;1.2962;1.2973;1580;350;965;615;03-12
20.01.2012;02:00;21.01.2012;02:00;1.2973;1.2989;1.2889;1.2973;230237;4059;117148;113089;03-12
22.01.2012;02:00;23.01.2012;02:00;1.2899;1.2899;1.2880;1.2899;3021;-231;1395;1626;03-12
23.01.2012;02:00;24.01.2012;02:00;1.2899;1.3056;1.2884;1.2899;262919;-2717;130101;132818;03-12
23.01.2012;02:00;24.01.2012;02:00;1.3030;1.3030;1.3015;1.3030;1632;58;845;787;03-12
24.01.2012;02:00;25.01.2012;02:00;1.3030;1.3066;1.2956;1.3030;300622;-2114;149254;151368;03-12
24.01.2012;02:00;25.01.2012;02:00;1.3045;1.3045;1.3032;1.3045;1151;183;667;484;03-12
25.01.2012;02:00;26.01.2012;02:00;1.3045;1.3124;1.2933;1.3045;357679;5295;181487;176192;03-12
25.01.2012;02:00;26.01.2012;02:00;1.3114;1.3114;1.3101;1.3114;1522;124;823;699;03-12
26.01.2012;02:00;27.01.2012;02:00;1.3114;1.3186;1.3093;1.3114;274831;-2215;136308;138523;03-12
26.01.2012;02:00;27.01.2012;02:00;1.3113;1.3113;1.3090;1.3113;1611;-183;714;897;03-12
27.01.2012;02:00;28.01.2012;02:00;1.3113;1.3237;1.3078;1.3113;319586;-1224;159181;160405;03-12
29.01.2012;02:00;30.01.2012;02:00;1.3224;1.3224;1.3207;1.3224;1712;52;882;830;03-12
30.01.2012;02:00;31.01.2012;02:00;1.3224;1.3212;1.3078;1.3224;200692;-3552;98570;102122;03-12
31.01.2012;02:00;01.02.2012;02:00;1.3216;1.3216;1.3043;1.3216;314428;-4802;154813;159615;03-12
30.01.2012;02:00;31.01.2012;02:00;1.3216;1.3144;1.3136;1.3216;681;-65;308;373;03-12
31.01.2012;02:00;01.02.2012;02:00;1.3094;1.3094;1.3073;1.3094;1593;159;876;717;03-12
01.02.2012;02:00;02.02.2012;02:00;1.3094;1.3221;1.3027;1.3094;341624;-6042;167791;173833;03-12
01.02.2012;02:00;02.02.2012;02:00;1.3173;1.3173;1.3165;1.3173;861;153;507;354;03-12
02.02.2012;02:00;03.02.2012;02:00;1.3173;1.3198;1.3086;1.3173;289349;-1743;143803;145546;03-12
02.02.2012;02:00;03.02.2012;02:00;1.3149;1.3149;1.3137;1.3149;754;-124;315;439;03-12
03.02.2012;02:00;04.02.2012;02:00;1.3149;1.3217;1.3067;1.3149;309030;1864;155447;153583;03-12
05.02.2012;02:00;06.02.2012;02:00;1.3133;1.3133;1.3114;1.3133;2542;-236;1153;1389;03-12
06.02.2012;02:00;07.02.2012;02:00;1.3133;1.3144;1.3028;1.3133;272817;-2483;135167;137650;03-12
06.02.2012;02:00;07.02.2012;02:00;1.3127;1.3127;1.3116;1.3127;754;-28;363;391;03-12
07.02.2012;02:00;08.02.2012;02:00;1.3127;1.3280;1.3091;1.3127;368194;440;184317;183877;03-12
07.02.2012;02:00;08.02.2012;02:00;1.3264;1.3264;1.3245;1.3264;2174;-180;997;1177;03-12
08.02.2012;02:00;09.02.2012;02:00;1.3264;1.3290;1.3222;1.3264;270009;1719;135864;134145;03-12
08.02.2012;02:00;09.02.2012;02:00;1.3259;1.3259;1.3216;1.3259;4978;442;2710;2268;03-12
09.02.2012;02:00;10.02.2012;02:00;1.3259;1.3325;1.3228;1.3259;302247;5039;153643;148604;03-12
09.02.2012;02:00;10.02.2012;02:00;1.3289;1.3289;1.3273;1.3289;1607;-163;722;885;03-12
10.02.2012;02:00;11.02.2012;02:00;1.3289;1.3292;1.3157;1.3289;242891;-659;121116;121775;03-12
12.02.2012;02:00;13.02.2012;02:00;1.3265;1.3265;1.3225;1.3265;5623;671;3147;2476;03-12
13.02.2012;02:00;14.02.2012;02:00;1.3265;1.3285;1.3186;1.3265;200002;-5762;97120;102882;03-12
13.02.2012;02:00;14.02.2012;02:00;1.3176;1.3176;1.3147;1.3176;6152;-1546;2303;3849;03-12
14.02.2012;02:00;15.02.2012;02:00;1.3176;1.3218;1.3080;1.3176;270898;-3114;133892;137006;03-12
14.02.2012;02:00;15.02.2012;02:00;1.3137;1.3137;1.3126;1.3137;1162;-46;558;604;03-12
15.02.2012;02:00;16.02.2012;02:00;1.3137;1.3192;1.3045;1.3137;317564;-2806;157379;160185;03-12
15.02.2012;02:00;16.02.2012;02:00;1.3065;1.3065;1.3048;1.3065;1838;-78;880;958;03-12
16.02.2012;02:00;17.02.2012;02:00;1.3065;1.3161;1.2975;1.3065;352601;3447;178024;174577;03-12
16.02.2012;02:00;17.02.2012;02:00;1.3136;1.3136;1.3124;1.3136;1398;-312;543;855;03-12
17.02.2012;02:00;18.02.2012;02:00;1.3136;1.3199;1.3116;1.3136;229747;1261;115504;114243;03-12
20.02.2012;02:00;21.02.2012;02:00;1.3238;1.3238;1.3200;1.3238;4202;-264;1969;2233;03-12
21.02.2012;02:00;22.02.2012;02:00;1.3238;1.3295;1.3187;1.3238;262331;-5263;128534;133797;03-12
21.02.2012;02:00;22.02.2012;02:00;1.3250;1.3250;1.3229;1.3250;1123;285;704;419;03-12
22.02.2012;02:00;23.02.2012;02:00;1.3250;1.3268;1.3212;1.3250;234318;-8986;112666;121652;03-12
22.02.2012;02:00;23.02.2012;02:00;1.3257;1.3257;1.3246;1.3257;1038;142;590;448;03-12
23.02.2012;02:00;24.02.2012;02:00;1.3257;1.3381;1.3232;1.3257;306474;536;153505;152969;03-12
23.02.2012;02:00;24.02.2012;02:00;1.3376;1.3376;1.3368;1.3376;1591;205;898;693;03-12
24.02.2012;02:00;25.02.2012;02:00;1.3376;1.3488;1.3358;1.3376;257223;3791;130507;126716;03-12
26.02.2012;02:00;27.02.2012;02:00;1.3473;1.3473;1.3456;1.3473;3237;911;2074;1163;03-12
27.02.2012;02:00;28.02.2012;02:00;1.3473;1.3469;1.3367;1.3473;252241;-5693;123274;128967;03-12
27.02.2012;02:00;28.02.2012;02:00;1.3410;1.3410;1.3393;1.3410;1374;356;865;509;03-12
28.02.2012;02:00;29.02.2012;02:00;1.3410;1.3473;1.3390;1.3410;245549;-4421;120564;124985;03-12
29.02.2012;02:00;01.03.2012;02:00;1.3487;1.3487;1.3315;1.3487;337876;-10548;163664;174212;03-12
28.02.2012;02:00;29.02.2012;02:00;1.3487;1.3481;1.3459;1.3487;1742;418;1080;662;03-12
29.02.2012;02:00;01.03.2012;02:00;1.3331;1.3331;1.3318;1.3331;2223;-47;1088;1135;03-12
01.03.2012;02:00;02.03.2012;02:00;1.3331;1.3357;1.3282;1.3331;239171;-5667;116752;122419;03-12
01.03.2012;02:00;02.03.2012;02:00;1.3328;1.3328;1.3313;1.3328;1190;258;724;466;03-12
02.03.2012;02:00;03.03.2012;02:00;1.3328;1.3334;1.3188;1.3328;250949;-2931;124009;126940;03-12
04.03.2012;02:00;05.03.2012;02:00;1.3207;1.3207;1.3183;1.3207;2818;-370;1224;1594;03-12
05.03.2012;02:00;06.03.2012;02:00;1.3207;1.3244;1.3161;1.3207;214108;-1224;106442;107666;03-12
05.03.2012;02:00;06.03.2012;02:00;1.3227;1.3227;1.3212;1.3227;1019;93;556;463;03-12
06.03.2012;02:00;07.03.2012;02:00;1.3227;1.3227;1.3104;1.3227;269838;-5318;132260;137578;03-12
06.03.2012;02:00;07.03.2012;02:00;1.3124;1.3124;1.3113;1.3124;1515;-69;723;792;03-12
07.03.2012;02:00;08.03.2012;02:00;1.3124;1.3165;1.3096;1.3124;240281;-159;120061;120220;03-12
07.03.2012;02:00;08.03.2012;02:00;1.3155;1.3155;1.3140;1.3155;1510;-42;734;776;03-12
08.03.2012;02:00;09.03.2012;02:00;1.3155;1.3292;1.3136;1.3155;275353;2691;139022;136331;03-12
08.03.2012;02:00;09.03.2012;02:00;1.3277;1.3277;1.3264;1.3277;1309;131;720;589;03-12
09.03.2012;02:00;10.03.2012;02:00;1.3277;1.3273;1.3097;1.3277;284353;-1591;141381;142972;03-12
11.03.2012;02:00;12.03.2012;02:00;1.3125;1.3125;1.3113;1.3125;2271;285;1278;993;03-12
12.03.2012;02:00;13.03.2012;02:00;1.3125;1.3160;1.3080;1.3125;198234;-3674;97280;100954;03-12
12.03.2012;02:00;13.03.2012;02:00;1.3173;1.3173;1.3150;1.3173;3195;747;1971;1224;03-12
13.03.2012;02:00;14.03.2012;02:00;1.3173;1.3192;1.3052;1.3173;257152;3668;130410;126742;03-12
13.03.2012;02:00;14.03.2012;02:00;1.3091;1.3091;1.3074;1.3091;2258;138;1198;1060;03-12
14.03.2012;02:00;15.03.2012;02:00;1.3091;1.3091;1.3011;1.3091;209782;1292;105537;104245;03-12
14.03.2012;02:00;15.03.2012;02:00;1.3034;1.3034;1.3017;1.3034;1454;-172;641;813;03-12
15.03.2012;02:00;16.03.2012;02:00;1.3034;1.3120;1.3004;1.3034;162760;1874;82317;80443;03-12
15.03.2012;02:00;16.03.2012;02:00;1.3096;1.3096;1.3076;1.3096;4530;-532;1999;2531;06-12
16.03.2012;02:00;17.03.2012;02:00;1.3096;1.3195;1.3055;1.3096;226975;1631;114303;112672;06-12
18.03.2012;02:00;19.03.2012;02:00;1.3195;1.3195;1.3181;1.3195;3450;128;1789;1661;06-12
19.03.2012;02:00;20.03.2012;02:00;1.3195;1.3272;1.3148;1.3195;211766;6996;109381;102385;06-12
19.03.2012;02:00;20.03.2012;02:00;1.3248;1.3248;1.3234;1.3248;1513;-383;565;948;06-12
20.03.2012;02:00;21.03.2012;02:00;1.3248;1.3259;1.3178;1.3248;204649;-1535;101557;103092;06-12
20.03.2012;02:00;21.03.2012;02:00;1.3246;1.3246;1.3229;1.3246;2135;509;1322;813;06-12
21.03.2012;02:00;22.03.2012;02:00;1.3246;1.3292;1.3185;1.3246;230759;-2007;114376;116383;06-12
21.03.2012;02:00;22.03.2012;02:00;1.3225;1.3225;1.3216;1.3225;1773;141;957;816;06-12
22.03.2012;02:00;23.03.2012;02:00;1.3225;1.3261;1.3140;1.3225;238470;-1848;118311;120159;06-12
22.03.2012;02:00;23.03.2012;02:00;1.3214;1.3214;1.3199;1.3214;1819;245;1032;787;06-12
23.03.2012;02:00;24.03.2012;02:00;1.3214;1.3300;1.3196;1.3214;235482;-74;117704;117778;06-12
25.03.2012;02:00;26.03.2012;03:00;1.3290;1.3290;1.3269;1.3290;2874;590;1732;1142;06-12
26.03.2012;03:00;27.03.2012;03:00;1.3290;1.3374;1.3197;1.3290;251836;5634;128735;123101;06-12
26.03.2012;03:00;27.03.2012;03:00;1.3367;1.3367;1.3356;1.3367;1926;270;1098;828;06-12
27.03.2012;03:00;28.03.2012;03:00;1.3367;1.3391;1.3319;1.3367;180143;-2865;88639;91504;06-12
27.03.2012;03:00;28.03.2012;03:00;1.3338;1.3338;1.3318;1.3338;1881;215;1048;833;06-12
28.03.2012;03:00;29.03.2012;03:00;1.3338;1.3379;1.3282;1.3338;236584;-4520;116032;120552;06-12
28.03.2012;03:00;29.03.2012;03:00;1.3333;1.3333;1.3317;1.3333;2107;151;1129;978;06-12
29.03.2012;03:00;30.03.2012;03:00;1.3333;1.3351;1.3257;1.3333;222843;-3807;109518;113325;06-12
29.03.2012;03:00;30.03.2012;03:00;1.3326;1.3326;1.3303;1.3326;3066;484;1775;1291;06-12
30.03.2012;03:00;31.03.2012;03:00;1.3326;1.3383;1.3315;1.3326;229365;-1007;114179;115186;06-12
01.04.2012;03:00;02.04.2012;03:00;1.3382;1.3382;1.3361;1.3382;4854;258;2556;2298;06-12
02.04.2012;03:00;03.04.2012;03:00;1.3382;1.3387;1.3283;1.3382;234654;-620;117017;117637;06-12
02.04.2012;03:00;03.04.2012;03:00;1.3338;1.3338;1.3321;1.3338;2714;68;1391;1323;06-12
03.04.2012;03:00;04.04.2012;03:00;1.3338;1.3374;1.3218;1.3338;297956;-5034;146461;151495;06-12
03.04.2012;03:00;04.04.2012;03:00;1.3245;1.3245;1.3223;1.3245;3233;-351;1441;1792;06-12
04.04.2012;03:00;05.04.2012;03:00;1.3245;1.3239;1.3112;1.3245;258401;-1659;128371;130030;06-12
04.04.2012;03:00;05.04.2012;03:00;1.3152;1.3152;1.3140;1.3152;2144;76;1110;1034;06-12
05.04.2012;03:00;06.04.2012;03:00;1.3152;1.3169;1.3040;1.3152;226863;2113;114488;112375;06-12
05.04.2012;03:00;06.04.2012;03:00;1.3073;1.3073;1.3062;1.3073;1096;-112;492;604;06-12
06.04.2012;03:00;07.04.2012;03:00;1.3073;1.3119;1.3044;1.3073;48048;-124;23962;24086;06-12
08.04.2012;03:00;09.04.2012;03:00;1.3103;1.3103;1.3072;1.3103;4324;-84;2120;2204;06-12
09.04.2012;03:00;10.04.2012;03:00;1.3103;1.3140;1.3037;1.3103;97196;998;49097;48099;06-12
09.04.2012;03:00;10.04.2012;03:00;1.3123;1.3123;1.3108;1.3123;2227;131;1179;1048;06-12
10.04.2012;03:00;11.04.2012;03:00;1.3123;1.3150;1.3059;1.3123;272382;-76;136153;136229;06-12
10.04.2012;03:00;11.04.2012;03:00;1.3092;1.3092;1.3077;1.3092;2475;-361;1057;1418;06-12
11.04.2012;03:00;12.04.2012;03:00;1.3092;1.3163;1.3072;1.3092;224831;4129;114480;110351;06-12
11.04.2012;03:00;12.04.2012;03:00;1.3130;1.3130;1.3112;1.3130;2590;536;1563;1027;06-12
12.04.2012;03:00;13.04.2012;03:00;1.3130;1.3218;1.3106;1.3130;268280;5748;137014;131266;06-12
12.04.2012;03:00;13.04.2012;03:00;1.3195;1.3195;1.3185;1.3195;1691;29;860;831;06-12
13.04.2012;03:00;14.04.2012;03:00;1.3195;1.3206;1.3074;1.3195;234069;-27;117021;117048;06-12
15.04.2012;03:00;16.04.2012;03:00;1.3080;1.3080;1.3045;1.3080;7347;-881;3233;4114;06-12
16.04.2012;03:00;17.04.2012;03:00;1.3080;1.3154;1.3000;1.3080;278792;2998;140895;137897;06-12
16.04.2012;03:00;17.04.2012;03:00;1.3141;1.3141;1.3129;1.3141;2531;-101;1215;1316;06-12
17.04.2012;03:00;18.04.2012;03:00;1.3141;1.3178;1.3095;1.3141;222344;3638;112991;109353;06-12
17.04.2012;03:00;18.04.2012;03:00;1.3140;1.3140;1.3126;1.3140;1720;80;900;820;06-12
18.04.2012;03:00;19.04.2012;03:00;1.3140;1.3146;1.3061;1.3140;238185;-1415;118385;119800;06-12
18.04.2012;03:00;19.04.2012;03:00;1.3131;1.3131;1.3115;1.3131;1951;95;1023;928;06-12
19.04.2012;03:00;20.04.2012;03:00;1.3131;1.3170;1.3072;1.3131;299902;2744;151323;148579;06-12
19.04.2012;03:00;20.04.2012;03:00;1.3152;1.3152;1.3138;1.3152;1494;334;914;580;06-12
20.04.2012;03:00;21.04.2012;03:00;1.3152;1.3232;1.3132;1.3152;236956;3364;120160;116796;06-12
22.04.2012;03:00;23.04.2012;03:00;1.3212;1.3212;1.3192;1.3212;3284;160;1722;1562;06-12
23.04.2012;03:00;24.04.2012;03:00;1.3212;1.3214;1.3107;1.3212;217882;-624;108629;109253;06-12
23.04.2012;03:00;24.04.2012;03:00;1.3164;1.3164;1.3151;1.3164;1354;-30;662;692;06-12
24.04.2012;03:00;25.04.2012;03:00;1.3164;1.3222;1.3148;1.3164;221549;-581;110484;111065;06-12
24.04.2012;03:00;25.04.2012;03:00;1.3206;1.3206;1.3196;1.3206;1702;-174;764;938;06-12
25.04.2012;03:00;26.04.2012;03:00;1.3206;1.3239;1.3175;1.3206;244128;1626;122877;121251;06-12
25.04.2012;03:00;26.04.2012;03:00;1.3235;1.3235;1.3221;1.3235;1712;394;1053;659;06-12
26.04.2012;03:00;27.04.2012;03:00;1.3235;1.3266;1.3201;1.3235;222747;-787;110980;111767;06-12
26.04.2012;03:00;27.04.2012;03:00;1.3201;1.3201;1.3179;1.3201;6564;-448;3058;3506;06-12
27.04.2012;03:00;28.04.2012;03:00;1.3201;1.3273;1.3160;1.3201;215975;4757;110366;105609;06-12
30.04.2012;03:00;01.05.2012;03:00;1.3269;1.3269;1.3211;1.3269;145264;-1622;71821;73443;06-12
29.04.2012;03:00;30.04.2012;03:00;1.3269;1.3250;1.3238;1.3269;2326;50;1188;1138;06-12
30.04.2012;03:00;01.05.2012;03:00;1.3247;1.3247;1.3241;1.3247;838;50;444;394;06-12
01.05.2012;03:00;02.05.2012;03:00;1.3247;1.3287;1.3207;1.3247;156426;-2720;76853;79573;06-12
01.05.2012;03:00;02.05.2012;03:00;1.3245;1.3245;1.3238;1.3245;852;148;500;352;06-12
02.05.2012;03:00;03.05.2012;03:00;1.3245;1.3244;1.3124;1.3245;250266;-4352;122957;127309;06-12
02.05.2012;03:00;03.05.2012;03:00;1.3161;1.3161;1.3148;1.3161;2416;-590;913;1503;06-12
03.05.2012;03:00;04.05.2012;03:00;1.3161;1.3183;1.3097;1.3161;231539;-671;115434;116105;06-12
03.05.2012;03:00;04.05.2012;03:00;1.3157;1.3157;1.3151;1.3157;492;74;283;209;06-12
04.05.2012;03:00;05.05.2012;03:00;1.3157;1.3182;1.3082;1.3157;234674;-4230;115222;119452;06-12
06.05.2012;03:00;07.05.2012;03:00;1.3033;1.3033;1.2957;1.3033;23510;-2544;10483;13027;06-12
07.05.2012;03:00;08.05.2012;03:00;1.3033;1.3068;1.2964;1.3033;196518;3736;100127;96391;06-12
07.05.2012;03:00;08.05.2012;03:00;1.3067;1.3067;1.3053;1.3067;2102;82;1092;1010;06-12
08.05.2012;03:00;09.05.2012;03:00;1.3067;1.3063;1.2984;1.3067;260986;-796;130095;130891;06-12
08.05.2012;03:00;09.05.2012;03:00;1.3009;1.3009;1.2992;1.3009;2042;-270;886;1156;06-12
09.05.2012;03:00;10.05.2012;03:00;1.3009;1.3005;1.2913;1.3009;324242;-6150;159046;165196;06-12
09.05.2012;03:00;10.05.2012;03:00;1.2942;1.2942;1.2927;1.2942;2620;126;1373;1247;06-12
10.05.2012;03:00;11.05.2012;03:00;1.2942;1.2981;1.2925;1.2942;243511;4539;124025;119486;06-12
10.05.2012;03:00;11.05.2012;03:00;1.2941;1.2941;1.2930;1.2941;2414;110;1262;1152;06-12
11.05.2012;03:00;12.05.2012;03:00;1.2941;1.2959;1.2906;1.2941;215641;2505;109073;106568;06-12
13.05.2012;03:00;14.05.2012;03:00;1.2904;1.2904;1.2885;1.2904;5924;822;3373;2551;06-12
14.05.2012;03:00;15.05.2012;03:00;1.2904;1.2907;1.2823;1.2904;259644;-2710;128467;131177;06-12
14.05.2012;03:00;15.05.2012;03:00;1.2836;1.2836;1.2816;1.2836;3677;-83;1797;1880;06-12
15.05.2012;03:00;16.05.2012;03:00;1.2836;1.2871;1.2723;1.2836;348042;-1342;173350;174692;06-12
15.05.2012;03:00;16.05.2012;03:00;1.2740;1.2740;1.2734;1.2740;1784;-190;797;987;06-12
16.05.2012;03:00;17.05.2012;03:00;1.2740;1.2761;1.2683;1.2740;345923;-1067;172428;173495;06-12
16.05.2012;03:00;17.05.2012;03:00;1.2735;1.2735;1.2716;1.2735;1889;311;1100;789;06-12
17.05.2012;03:00;18.05.2012;03:00;1.2735;1.2752;1.2668;1.2735;312706;4724;158715;153991;06-12
17.05.2012;03:00;18.05.2012;03:00;1.2700;1.2700;1.2684;1.2700;2495;53;1274;1221;06-12
18.05.2012;03:00;19.05.2012;03:00;1.2700;1.2796;1.2644;1.2700;298287;6249;152268;146019;06-12
20.05.2012;03:00;21.05.2012;03:00;1.2781;1.2781;1.2750;1.2781;6100;166;3133;2967;06-12
21.05.2012;03:00;22.05.2012;03:00;1.2781;1.2826;1.2726;1.2781;216520;8846;112683;103837;06-12
21.05.2012;03:00;22.05.2012;03:00;1.2819;1.2819;1.2807;1.2819;2001;-3;999;1002;06-12
22.05.2012;03:00;23.05.2012;03:00;1.2819;1.2816;1.2659;1.2819;281275;-5129;138073;143202;06-12
22.05.2012;03:00;23.05.2012;03:00;1.2688;1.2688;1.2653;1.2688;4944;-416;2264;2680;06-12
23.05.2012;03:00;24.05.2012;03:00;1.2688;1.2689;1.2546;1.2688;383042;-6808;188117;194925;06-12
23.05.2012;03:00;24.05.2012;03:00;1.2600;1.2600;1.2556;1.2600;7746;-586;3580;4166;06-12
24.05.2012;03:00;25.05.2012;03:00;1.2600;1.2622;1.2516;1.2600;334519;-3167;165676;168843;06-12
24.05.2012;03:00;25.05.2012;03:00;1.2543;1.2543;1.2527;1.2543;2360;-140;1110;1250;06-12
25.05.2012;03:00;26.05.2012;03:00;1.2543;1.2604;1.2496;1.2543;275822;-3678;136072;139750;06-12
28.05.2012;03:00;29.05.2012;03:00;1.2549;1.2549;1.2517;1.2549;2970;-132;1419;1551;06-12
29.05.2012;03:00;30.05.2012;03:00;1.2549;1.2575;1.2462;1.2549;312399;1365;156882;155517;06-12
29.05.2012;03:00;30.05.2012;03:00;1.2494;1.2494;1.2477;1.2494;3522;-534;1494;2028;06-12
30.05.2012;03:00;31.05.2012;03:00;1.2494;1.2488;1.2362;1.2494;353846;-14490;169678;184168;06-12
31.05.2012;03:00;01.06.2012;03:00;1.2429;1.2429;1.2337;1.2429;345892;1690;173791;172101;06-12
30.05.2012;03:00;31.05.2012;03:00;1.2429;1.2380;1.2361;1.2429;3242;192;1717;1525;06-12
31.05.2012;03:00;01.06.2012;03:00;1.2367;1.2367;1.2352;1.2367;1772;-102;835;937;06-12
01.06.2012;03:00;02.06.2012;03:00;1.2367;1.2462;1.2288;1.2367;437162;-9162;214000;223162;06-12
03.06.2012;03:00;04.06.2012;03:00;1.2437;1.2437;1.2396;1.2437;6906;-102;3402;3504;06-12
04.06.2012;03:00;05.06.2012;03:00;1.2437;1.2511;1.2386;1.2437;229158;7606;118382;110776;06-12
04.06.2012;03:00;05.06.2012;03:00;1.2528;1.2528;1.2492;1.2528;5061;1721;3391;1670;06-12
05.06.2012;03:00;06.06.2012;03:00;1.2528;1.2543;1.2410;1.2528;248217;1115;124666;123551;06-12
05.06.2012;03:00;06.06.2012;03:00;1.2463;1.2463;1.2441;1.2463;3648;160;1904;1744;06-12
06.06.2012;03:00;07.06.2012;03:00;1.2463;1.2587;1.2441;1.2463;353945;-3679;175133;178812;06-12
06.06.2012;03:00;07.06.2012;03:00;1.2581;1.2581;1.2568;1.2581;3517;705;2111;1406;06-12
07.06.2012;03:00;08.06.2012;03:00;1.2581;1.2627;1.2540;1.2581;317723;199;158961;158762;06-12
07.06.2012;03:00;08.06.2012;03:00;1.2575;1.2575;1.2562;1.2575;2017;297;1157;860;06-12
08.06.2012;03:00;09.06.2012;03:00;1.2575;1.2572;1.2435;1.2575;285372;-3118;141127;144245;06-12
10.06.2012;03:00;11.06.2012;03:00;1.2670;1.2670;1.2636;1.2670;9564;-1770;3897;5667;06-12
11.06.2012;03:00;12.06.2012;03:00;1.2670;1.2648;1.2481;1.2670;290784;-12620;139082;151702;06-12
11.06.2012;03:00;12.06.2012;03:00;1.2480;1.2480;1.2451;1.2480;4612;186;2399;2213;06-12
12.06.2012;03:00;13.06.2012;03:00;1.2480;1.2530;1.2443;1.2480;291002;-11176;139913;151089;06-12
12.06.2012;03:00;13.06.2012;03:00;1.2517;1.2517;1.2500;1.2517;1788;16;902;886;06-12
13.06.2012;03:00;14.06.2012;03:00;1.2517;1.2611;1.2474;1.2517;255542;-7490;124026;131516;06-12
13.06.2012;03:00;14.06.2012;03:00;1.2578;1.2578;1.2564;1.2578;2185;97;1141;1044;06-12
14.06.2012;03:00;15.06.2012;03:00;1.2578;1.2638;1.2543;1.2578;207034;2178;104606;102428;06-12
14.06.2012;03:00;15.06.2012;03:00;1.2642;1.2642;1.2632;1.2642;1051;27;539;512;09-12
15.06.2012;03:00;16.06.2012;03:00;1.2642;1.2676;1.2602;1.2642;185570;4568;95069;90501;09-12
17.06.2012;03:00;18.06.2012;03:00;1.2759;1.2759;1.2713;1.2759;12490;-22;6234;6256;09-12
18.06.2012;03:00;19.06.2012;03:00;1.2759;1.2737;1.2567;1.2759;277236;-1966;137635;139601;09-12
18.06.2012;03:00;19.06.2012;03:00;1.2610;1.2610;1.2585;1.2610;2552;122;1337;1215;09-12
19.06.2012;03:00;20.06.2012;03:00;1.2610;1.2741;1.2578;1.2610;302028;-3318;149355;152673;09-12
19.06.2012;03:00;20.06.2012;03:00;1.2699;1.2699;1.2686;1.2699;2389;-145;1122;1267;09-12
20.06.2012;03:00;21.06.2012;03:00;1.2699;1.2753;1.2646;1.2699;289029;1881;145455;143574;09-12
20.06.2012;03:00;21.06.2012;03:00;1.2711;1.2711;1.2689;1.2711;2305;-187;1059;1246;09-12
21.06.2012;03:00;22.06.2012;03:00;1.2711;1.2709;1.2541;1.2711;347097;-6883;170107;176990;09-12
21.06.2012;03:00;22.06.2012;03:00;1.2564;1.2564;1.2553;1.2564;1595;7;801;794;09-12
22.06.2012;03:00;23.06.2012;03:00;1.2564;1.2594;1.2528;1.2564;236533;-7071;114731;121802;09-12
24.06.2012;03:00;25.06.2012;03:00;1.2569;1.2569;1.2545;1.2569;4193;-599;1797;2396;09-12
25.06.2012;03:00;26.06.2012;03:00;1.2569;1.2555;1.2481;1.2569;208270;-3924;102173;106097;09-12
25.06.2012;03:00;26.06.2012;03:00;1.2519;1.2519;1.2507;1.2519;1247;303;775;472;09-12
26.06.2012;03:00;27.06.2012;03:00;1.2519;1.2542;1.2451;1.2519;270370;-3156;133607;136763;09-12
26.06.2012;03:00;27.06.2012;03:00;1.2509;1.2509;1.2494;1.2509;1440;-20;710;730;09-12
27.06.2012;03:00;28.06.2012;03:00;1.2509;1.2519;1.2455;1.2509;193506;-34;96736;96770;09-12
27.06.2012;03:00;28.06.2012;03:00;1.2485;1.2485;1.2477;1.2485;831;9;420;411;09-12
28.06.2012;03:00;29.06.2012;03:00;1.2485;1.2535;1.2417;1.2485;274834;-882;136976;137858;09-12
28.06.2012;03:00;29.06.2012;03:00;1.2460;1.2460;1.2444;1.2460;1925;-75;925;1000;09-12
29.06.2012;03:00;30.06.2012;03:00;1.2460;1.2703;1.2443;1.2460;375088;-2136;186476;188612;09-12
01.07.2012;03:00;02.07.2012;03:00;1.2682;1.2682;1.2659;1.2682;3057;421;1739;1318;09-12
02.07.2012;03:00;03.07.2012;03:00;1.2682;1.2677;1.2578;1.2682;218113;-2843;107635;110478;09-12
02.07.2012;03:00;03.07.2012;03:00;1.2598;1.2598;1.2587;1.2598;1119;-203;458;661;09-12
03.07.2012;03:00;04.07.2012;03:00;1.2598;1.2639;1.2570;1.2598;180165;-801;89682;90483;09-12
04.07.2012;03:00;05.07.2012;03:00;1.2540;1.2540;1.2522;1.2540;2026;-286;870;1156;09-12
05.07.2012;03:00;06.07.2012;03:00;1.2540;1.2549;1.2374;1.2540;310624;-2376;154124;156500;09-12
05.07.2012;03:00;06.07.2012;03:00;1.2408;1.2408;1.2394;1.2408;2511;-13;1249;1262;09-12
06.07.2012;03:00;07.07.2012;03:00;1.2408;1.2414;1.2271;1.2408;283671;-2123;140774;142897;09-12
08.07.2012;03:00;09.07.2012;03:00;1.2293;1.2293;1.2266;1.2293;6731;89;3410;3321;09-12
09.07.2012;03:00;10.07.2012;03:00;1.2293;1.2336;1.2281;1.2293;209887;93;104990;104897;09-12
09.07.2012;03:00;10.07.2012;03:00;1.2333;1.2333;1.2321;1.2333;2306;100;1203;1103;09-12
10.07.2012;03:00;11.07.2012;03:00;1.2333;1.2345;1.2246;1.2333;221169;2989;112079;109090;09-12
10.07.2012;03:00;11.07.2012;03:00;1.2267;1.2267;1.2257;1.2267;1877;271;1074;803;09-12
11.07.2012;03:00;12.07.2012;03:00;1.2267;1.2308;1.2222;1.2267;225812;3334;114573;111239;09-12
11.07.2012;03:00;12.07.2012;03:00;1.2259;1.2259;1.2247;1.2259;1224;184;704;520;09-12
12.07.2012;03:00;13.07.2012;03:00;1.2259;1.2256;1.2176;1.2259;201708;1462;101585;100123;09-12
12.07.2012;03:00;13.07.2012;03:00;1.2220;1.2220;1.2190;1.2220;3924;-254;1835;2089;09-12
13.07.2012;03:00;14.07.2012;03:00;1.2220;1.2267;1.2171;1.2220;219788;-158;109815;109973;09-12
15.07.2012;03:00;16.07.2012;03:00;1.2270;1.2270;1.2254;1.2270;2487;309;1398;1089;09-12
16.07.2012;03:00;17.07.2012;03:00;1.2270;1.2301;1.2184;1.2270;207416;800;104108;103308;09-12
16.07.2012;03:00;17.07.2012;03:00;1.2282;1.2282;1.2275;1.2282;1521;-29;746;775;09-12
17.07.2012;03:00;18.07.2012;03:00;1.2282;1.2327;1.2197;1.2282;260102;2770;131436;128666;09-12
17.07.2012;03:00;18.07.2012;03:00;1.2305;1.2305;1.2295;1.2305;1930;80;1005;925;09-12
18.07.2012;03:00;19.07.2012;03:00;1.2305;1.2317;1.2225;1.2305;211655;-93;105781;105874;09-12
18.07.2012;03:00;19.07.2012;03:00;1.2294;1.2294;1.2284;1.2294;1996;-6;995;1001;09-12
19.07.2012;03:00;20.07.2012;03:00;1.2294;1.2335;1.2237;1.2294;249753;1217;125485;124268;09-12
19.07.2012;03:00;20.07.2012;03:00;1.2289;1.2289;1.2281;1.2289;1943;153;1048;895;09-12
20.07.2012;03:00;21.07.2012;03:00;1.2289;1.2292;1.2153;1.2289;238068;-4430;116819;121249;09-12
22.07.2012;03:00;23.07.2012;03:00;1.2141;1.2141;1.2125;1.2141;6580;-298;3141;3439;09-12
23.07.2012;03:00;24.07.2012;03:00;1.2141;1.2154;1.2076;1.2141;274471;-4857;134807;139664;09-12
23.07.2012;03:00;24.07.2012;03:00;1.2133;1.2133;1.2118;1.2133;3551;-425;1563;1988;09-12
24.07.2012;03:00;25.07.2012;03:00;1.2133;1.2147;1.2051;1.2133;236748;-5036;115856;120892;09-12
24.07.2012;03:00;25.07.2012;03:00;1.2078;1.2078;1.2061;1.2078;2313;-119;1097;1216;09-12
25.07.2012;03:00;26.07.2012;03:00;1.2078;1.2179;1.2061;1.2078;276372;2700;139536;136836;09-12
25.07.2012;03:00;26.07.2012;03:00;1.2161;1.2161;1.2140;1.2161;2691;99;1395;1296;09-12
26.07.2012;03:00;27.07.2012;03:00;1.2161;1.2337;1.2124;1.2161;332865;3443;168154;164711;09-12
26.07.2012;03:00;27.07.2012;03:00;1.2295;1.2295;1.2284;1.2295;1079;11;545;534;09-12
27.07.2012;03:00;28.07.2012;03:00;1.2295;1.2397;1.2247;1.2295;318971;-373;159299;159672;09-12
29.07.2012;03:00;30.07.2012;03:00;1.2317;1.2317;1.2304;1.2317;2272;122;1197;1075;09-12
30.07.2012;03:00;31.07.2012;03:00;1.2317;1.2313;1.2233;1.2317;177939;-3899;87020;90919;09-12
31.07.2012;03:00;01.08.2012;03:00;1.2338;1.2338;1.2256;1.2338;212584;-2304;105140;107444;09-12
30.07.2012;03:00;31.07.2012;03:00;1.2338;1.2272;1.2259;1.2338;1732;50;891;841;09-12
31.07.2012;03:00;01.08.2012;03:00;1.2309;1.2309;1.2296;1.2309;1978;30;1004;974;09-12
01.08.2012;03:00;02.08.2012;03:00;1.2309;1.2344;1.2225;1.2309;207882;-956;103463;104419;09-12
01.08.2012;03:00;02.08.2012;03:00;1.2251;1.2251;1.2234;1.2251;2630;220;1425;1205;09-12
02.08.2012;03:00;03.08.2012;03:00;1.2251;1.2413;1.2140;1.2251;461651;-1371;230140;231511;09-12
02.08.2012;03:00;03.08.2012;03:00;1.2190;1.2190;1.2182;1.2190;1266;122;694;572;09-12
03.08.2012;03:00;04.08.2012;03:00;1.2190;1.2399;1.2173;1.2190;291004;-174;145415;145589;09-12
05.08.2012;03:00;06.08.2012;03:00;1.2450;1.2450;1.2388;1.2450;11185;2353;6769;4416;09-12
06.08.2012;03:00;07.08.2012;03:00;1.2450;1.2436;1.2347;1.2450;193360;-2068;95646;97714;09-12
06.08.2012;03:00;07.08.2012;03:00;1.2403;1.2403;1.2390;1.2403;1761;-121;820;941;09-12
07.08.2012;03:00;08.08.2012;03:00;1.2403;1.2448;1.2381;1.2403;169697;-2959;83369;86328;09-12
07.08.2012;03:00;08.08.2012;03:00;1.2404;1.2404;1.2389;1.2404;3362;-330;1516;1846;09-12
08.08.2012;03:00;09.08.2012;03:00;1.2404;1.2407;1.2331;1.2404;180061;-1969;89046;91015;09-12
08.08.2012;03:00;09.08.2012;03:00;1.2379;1.2379;1.2368;1.2379;1859;261;1060;799;09-12
09.08.2012;03:00;10.08.2012;03:00;1.2379;1.2392;1.2270;1.2379;185690;2192;93941;91749;09-12
09.08.2012;03:00;10.08.2012;03:00;1.2310;1.2310;1.2296;1.2310;2776;-566;1105;1671;09-12
10.08.2012;03:00;11.08.2012;03:00;1.2310;1.2322;1.2245;1.2310;164384;3038;83711;80673;09-12
12.08.2012;03:00;13.08.2012;03:00;1.2296;1.2296;1.2279;1.2296;1645;-83;781;864;09-12
13.08.2012;03:00;14.08.2012;03:00;1.2296;1.2378;1.2265;1.2296;182692;3752;93222;89470;09-12
13.08.2012;03:00;14.08.2012;03:00;1.2340;1.2340;1.2331;1.2340;1624;-274;675;949;09-12
14.08.2012;03:00;15.08.2012;03:00;1.2340;1.2390;1.2320;1.2340;180864;-2238;89313;91551;09-12
14.08.2012;03:00;15.08.2012;03:00;1.2329;1.2329;1.2321;1.2329;1938;-176;881;1057;09-12
15.08.2012;03:00;16.08.2012;03:00;1.2329;1.2348;1.2267;1.2329;154341;-3891;75225;79116;09-12
15.08.2012;03:00;16.08.2012;03:00;1.2294;1.2294;1.2286;1.2294;1896;-72;912;984;09-12
16.08.2012;03:00;17.08.2012;03:00;1.2294;1.2377;1.2258;1.2294;218990;4106;111548;107442;09-12
16.08.2012;03:00;17.08.2012;03:00;1.2365;1.2365;1.2359;1.2365;907;197;552;355;09-12
17.08.2012;03:00;18.08.2012;03:00;1.2365;1.2386;1.2292;1.2365;195313;653;97983;97330;09-12
19.08.2012;03:00;20.08.2012;03:00;1.2345;1.2345;1.2332;1.2345;3286;-492;1397;1889;09-12
20.08.2012;03:00;21.08.2012;03:00;1.2345;1.2372;1.2298;1.2345;179327;837;90082;89245;09-12
20.08.2012;03:00;21.08.2012;03:00;1.2359;1.2359;1.2349;1.2359;1196;130;663;533;09-12
21.08.2012;03:00;22.08.2012;03:00;1.2359;1.2492;1.2349;1.2359;256890;2;128446;128444;09-12
21.08.2012;03:00;22.08.2012;03:00;1.2482;1.2482;1.2466;1.2482;3222;314;1768;1454;09-12
22.08.2012;03:00;23.08.2012;03:00;1.2482;1.2543;1.2434;1.2482;255154;7420;131287;123867;09-12
22.08.2012;03:00;23.08.2012;03:00;1.2547;1.2547;1.2527;1.2547;4433;411;2422;2011;09-12
23.08.2012;03:00;24.08.2012;03:00;1.2547;1.2593;1.2528;1.2547;219354;322;109838;109516;09-12
23.08.2012;03:00;24.08.2012;03:00;1.2574;1.2574;1.2559;1.2574;2363;-41;1161;1202;09-12
24.08.2012;03:00;25.08.2012;03:00;1.2574;1.2569;1.2483;1.2574;222958;-8484;107237;115721;09-12
26.08.2012;03:00;27.08.2012;03:00;1.2526;1.2526;1.2507;1.2526;2858;-168;1345;1513;09-12
27.08.2012;03:00;28.08.2012;03:00;1.2526;1.2539;1.2492;1.2526;111108;-5412;52848;58260;09-12
27.08.2012;03:00;28.08.2012;03:00;1.2509;1.2509;1.2500;1.2509;1537;-31;753;784;09-12
28.08.2012;03:00;29.08.2012;03:00;1.2509;1.2580;1.2467;1.2509;204844;1788;103316;101528;09-12
28.08.2012;03:00;29.08.2012;03:00;1.2574;1.2574;1.2565;1.2574;1038;20;529;509;09-12
29.08.2012;03:00;30.08.2012;03:00;1.2574;1.2576;1.2521;1.2574;175448;108;87778;87670;09-12
29.08.2012;03:00;30.08.2012;03:00;1.2539;1.2539;1.2526;1.2539;1490;-96;697;793;09-12
30.08.2012;03:00;31.08.2012;03:00;1.2539;1.2566;1.2488;1.2539;180947;-3253;88847;92100;09-12
31.08.2012;03:00;01.09.2012;03:00;1.2640;1.2640;1.2496;1.2640;307031;-2059;152486;154545;09-12
30.08.2012;03:00;31.08.2012;03:00;1.2640;1.2514;1.2503;1.2640;1412;56;734;678;09-12
03.09.2012;03:00;04.09.2012;03:00;1.2593;1.2593;1.2583;1.2593;1693;369;1031;662;09-12
04.09.2012;03:00;05.09.2012;03:00;1.2593;1.2630;1.2556;1.2593;195435;-893;97271;98164;09-12
04.09.2012;03:00;05.09.2012;03:00;1.2570;1.2570;1.2528;1.2570;5034;-566;2234;2800;09-12
05.09.2012;03:00;06.09.2012;03:00;1.2570;1.2626;1.2503;1.2570;289279;2037;145658;143621;09-12
05.09.2012;03:00;06.09.2012;03:00;1.2608;1.2608;1.2596;1.2608;1598;160;879;719;09-12
06.09.2012;03:00;07.09.2012;03:00;1.2608;1.2654;1.2562;1.2608;311665;1529;156597;155068;09-12
06.09.2012;03:00;07.09.2012;03:00;1.2635;1.2635;1.2628;1.2635;1092;-54;519;573;09-12
07.09.2012;03:00;08.09.2012;03:00;1.2635;1.2820;1.2627;1.2635;313609;3365;158487;155122;09-12
09.09.2012;03:00;10.09.2012;03:00;1.2811;1.2811;1.2792;1.2811;3189;-229;1480;1709;09-12
10.09.2012;03:00;11.09.2012;03:00;1.2811;1.2805;1.2756;1.2811;170504;-5248;82628;87876;09-12
10.09.2012;03:00;11.09.2012;03:00;1.2767;1.2767;1.2758;1.2767;1129;-173;478;651;09-12
11.09.2012;03:00;12.09.2012;03:00;1.2767;1.2872;1.2760;1.2767;241643;3511;122577;119066;09-12
11.09.2012;03:00;12.09.2012;03:00;1.2858;1.2858;1.2850;1.2858;2359;-647;856;1503;09-12
12.09.2012;03:00;13.09.2012;03:00;1.2858;1.2938;1.2815;1.2858;327662;1940;164801;162861;09-12
12.09.2012;03:00;13.09.2012;03:00;1.2905;1.2905;1.2897;1.2905;1260;180;720;540;09-12
13.09.2012;03:00;14.09.2012;03:00;1.2905;1.3004;1.2855;1.2905;253484;-4406;124539;128945;09-12
13.09.2012;03:00;14.09.2012;03:00;1.3007;1.3007;1.2990;1.3007;1529;107;818;711;12-12
14.09.2012;03:00;15.09.2012;03:00;1.3007;1.3179;1.2994;1.3007;280596;2796;141696;138900;12-12
17.09.2012;03:00;18.09.2012;03:00;1.3183;1.3183;1.3093;1.3183;196129;-703;97713;98416;12-12
17.09.2012;03:00;18.09.2012;03:00;1.3130;1.3130;1.3114;1.3130;2499;53;1276;1223;12-12
18.09.2012;03:00;19.09.2012;03:00;1.3130;1.3126;1.3041;1.3130;222281;-9495;106393;115888;12-12
18.09.2012;03:00;19.09.2012;03:00;1.3061;1.3061;1.3052;1.3061;2261;-79;1091;1170;12-12
19.09.2012;03:00;20.09.2012;03:00;1.3061;1.3097;1.3004;1.3061;257490;-10662;123414;134076;12-12
19.09.2012;03:00;20.09.2012;03:00;1.3070;1.3070;1.3055;1.3070;2410;108;1259;1151;12-12
20.09.2012;03:00;21.09.2012;03:00;1.3070;1.3070;1.2930;1.3070;273522;-9346;132088;141434;12-12
20.09.2012;03:00;21.09.2012;03:00;1.2989;1.2989;1.2976;1.2989;2423;277;1350;1073;12-12
21.09.2012;03:00;22.09.2012;03:00;1.2989;1.3059;1.2966;1.2989;272659;-7503;132578;140081;12-12
23.09.2012;03:00;24.09.2012;03:00;1.2991;1.2991;1.2975;1.2991;2873;255;1564;1309;12-12
24.09.2012;03:00;25.09.2012;03:00;1.2991;1.2991;1.2902;1.2991;203465;-6113;98676;104789;12-12
24.09.2012;03:00;25.09.2012;03:00;1.2955;1.2955;1.2939;1.2955;1773;23;898;875;12-12
25.09.2012;03:00;26.09.2012;03:00;1.2955;1.2983;1.2898;1.2955;252387;-7299;122544;129843;12-12
25.09.2012;03:00;26.09.2012;03:00;1.2918;1.2918;1.2906;1.2918;2055;113;1084;971;12-12
26.09.2012;03:00;27.09.2012;03:00;1.2918;1.2924;1.2846;1.2918;230858;-4700;113079;117779;12-12
26.09.2012;03:00;27.09.2012;03:00;1.2898;1.2898;1.2881;1.2898;2043;269;1156;887;12-12
27.09.2012;03:00;28.09.2012;03:00;1.2898;1.2940;1.2839;1.2898;277107;4095;140601;136506;12-12
27.09.2012;03:00;28.09.2012;03:00;1.2927;1.2927;1.2921;1.2927;1201;143;672;529;12-12
28.09.2012;03:00;29.09.2012;03:00;1.2927;1.2971;1.2849;1.2927;301724;2020;151872;149852;12-12
30.09.2012;03:00;01.10.2012;03:00;1.2861;1.2861;1.2813;1.2861;9209;-1083;4063;5146;12-12
01.10.2012;03:00;02.10.2012;03:00;1.2861;1.2950;1.2816;1.2861;270531;-5761;132385;138146;12-12
01.10.2012;03:00;02.10.2012;03:00;1.2904;1.2904;1.2894;1.2904;1714;364;1039;675;12-12
02.10.2012;03:00;03.10.2012;03:00;1.2904;1.2979;1.2890;1.2904;231142;4378;117760;113382;12-12
02.10.2012;03:00;03.10.2012;03:00;1.2930;1.2930;1.2915;1.2930;3521;511;2016;1505;12-12
03.10.2012;03:00;04.10.2012;03:00;1.2930;1.2947;1.2888;1.2930;218822;-1008;108907;109915;12-12
03.10.2012;03:00;04.10.2012;03:00;1.2934;1.2934;1.2917;1.2934;3476;318;1897;1579;12-12
04.10.2012;03:00;05.10.2012;03:00;1.2934;1.3041;1.2919;1.2934;300586;3504;152045;148541;12-12
04.10.2012;03:00;05.10.2012;03:00;1.3031;1.3031;1.3021;1.3031;2660;314;1487;1173;12-12
05.10.2012;03:00;06.10.2012;03:00;1.3031;1.3080;1.3002;1.3031;243325;2169;122747;120578;12-12
07.10.2012;03:00;08.10.2012;03:00;1.3034;1.3034;1.3020;1.3034;2375;-187;1094;1281;12-12
08.10.2012;03:00;09.10.2012;03:00;1.3034;1.3024;1.2945;1.3034;157245;-2087;77579;79666;12-12
08.10.2012;03:00;09.10.2012;03:00;1.2985;1.2985;1.2974;1.2985;1871;337;1104;767;12-12
09.10.2012;03:00;10.10.2012;03:00;1.2985;1.3000;1.2864;1.2985;300461;-2777;148842;151619;12-12
09.10.2012;03:00;10.10.2012;03:00;1.2893;1.2893;1.2858;1.2893;4705;-573;2066;2639;12-12
10.10.2012;03:00;11.10.2012;03:00;1.2893;1.2922;1.2844;1.2893;210859;-1563;104648;106211;12-12
10.10.2012;03:00;11.10.2012;03:00;1.2869;1.2869;1.2849;1.2869;7273;525;3899;3374;12-12
11.10.2012;03:00;12.10.2012;03:00;1.2869;1.2960;1.2833;1.2869;213557;-1197;106180;107377;12-12
11.10.2012;03:00;12.10.2012;03:00;1.2941;1.2941;1.2934;1.2941;2020;374;1197;823;12-12
12.10.2012;03:00;13.10.2012;03:00;1.2941;1.3000;1.2930;1.2941;197558;1498;99528;98030;12-12
14.10.2012;03:00;15.10.2012;03:00;1.2965;1.2965;1.2937;1.2965;3477;-1003;1237;2240;12-12
15.10.2012;03:00;16.10.2012;03:00;1.2965;1.2987;1.2898;1.2965;189471;-221;94625;94846;12-12
15.10.2012;03:00;16.10.2012;03:00;1.2982;1.2982;1.2950;1.2982;3370;556;1963;1407;12-12
16.10.2012;03:00;17.10.2012;03:00;1.2982;1.3069;1.2961;1.2982;260197;5117;132657;127540;12-12
16.10.2012;03:00;17.10.2012;03:00;1.3132;1.3132;1.3090;1.3132;11967;1361;6664;5303;12-12
17.10.2012;03:00;18.10.2012;03:00;1.3132;1.3147;1.3092;1.3132;220629;1401;111015;109614;12-12
17.10.2012;03:00;18.10.2012;03:00;1.3126;1.3126;1.3115;1.3126;2240;-282;979;1261;12-12
18.10.2012;03:00;19.10.2012;03:00;1.3126;1.3136;1.3062;1.3126;227301;-6973;110164;117137;12-12
18.10.2012;03:00;19.10.2012;03:00;1.3084;1.3084;1.3072;1.3084;3502;664;2083;1419;12-12
19.10.2012;03:00;20.10.2012;03:00;1.3084;1.3084;1.3019;1.3084;210795;-3951;103422;107373;12-12
21.10.2012;03:00;22.10.2012;03:00;1.3036;1.3036;1.3022;1.3036;3946;-74;1936;2010;12-12
22.10.2012;03:00;23.10.2012;03:00;1.3036;1.3090;1.3027;1.3036;198492;96;99294;99198;12-12
22.10.2012;03:00;23.10.2012;03:00;1.3082;1.3082;1.3069;1.3082;2128;290;1209;919;12-12
23.10.2012;03:00;24.10.2012;03:00;1.3082;1.3077;1.2957;1.3082;237541;-2511;117515;120026;12-12
23.10.2012;03:00;24.10.2012;03:00;1.2995;1.2995;1.2979;1.2995;2382;-42;1170;1212;12-12
24.10.2012;03:00;25.10.2012;03:00;1.2995;1.3003;1.2926;1.2995;222601;-3847;109377;113224;12-12
24.10.2012;03:00;25.10.2012;03:00;1.2979;1.2979;1.2967;1.2979;1803;-47;878;925;12-12
25.10.2012;03:00;26.10.2012;03:00;1.2979;1.3029;1.2932;1.2979;223665;-2089;110788;112877;12-12
25.10.2012;03:00;26.10.2012;03:00;1.2951;1.2951;1.2937;1.2951;2535;261;1398;1137;12-12
26.10.2012;03:00;27.10.2012;03:00;1.2951;1.2961;1.2887;1.2951;249446;-2270;123588;125858;12-12
28.10.2012;03:00;29.10.2012;02:00;1.2950;1.2950;1.2924;1.2950;3262;-704;1279;1983;12-12
29.10.2012;02:00;30.10.2012;02:00;1.2950;1.2941;1.2890;1.2950;117890;-1172;58359;59531;12-12
29.10.2012;02:00;30.10.2012;02:00;1.2914;1.2914;1.2906;1.2914;1862;-180;841;1021;12-12
30.10.2012;02:00;31.10.2012;02:00;1.2914;1.2990;1.2892;1.2914;115633;503;58068;57565;12-12
31.10.2012;02:00;01.11.2012;02:00;1.3027;1.3027;1.2952;1.3027;207328;236;103782;103546;12-12
30.10.2012;02:00;31.10.2012;02:00;1.3027;1.2975;1.2962;1.3027;3137;503;1820;1317;12-12
31.10.2012;02:00;01.11.2012;02:00;1.2971;1.2971;1.2957;1.2971;2486;268;1377;1109;12-12
01.11.2012;02:00;02.11.2012;02:00;1.2971;1.2988;1.2930;1.2971;185080;1414;93247;91833;12-12
01.11.2012;02:00;02.11.2012;02:00;1.2956;1.2956;1.2946;1.2956;1632;224;928;704;12-12
02.11.2012;02:00;03.11.2012;02:00;1.2956;1.2951;1.2826;1.2956;266845;-411;133217;133628;12-12
04.11.2012;02:00;05.11.2012;02:00;1.2840;1.2840;1.2822;1.2840;3131;-275;1428;1703;12-12
05.11.2012;02:00;06.11.2012;02:00;1.2840;1.2847;1.2772;1.2840;213913;-5039;104437;109476;12-12
05.11.2012;02:00;06.11.2012;02:00;1.2808;1.2808;1.2799;1.2808;1459;215;837;622;12-12
06.11.2012;02:00;07.11.2012;02:00;1.2808;1.2832;1.2767;1.2808;230499;2101;116300;114199;12-12
06.11.2012;02:00;07.11.2012;02:00;1.2819;1.2819;1.2810;1.2819;1158;-214;472;686;12-12
07.11.2012;02:00;08.11.2012;02:00;1.2819;1.2881;1.2741;1.2819;357082;-4362;176360;180722;12-12
07.11.2012;02:00;08.11.2012;02:00;1.2777;1.2777;1.2759;1.2777;2429;229;1329;1100;12-12
08.11.2012;02:00;09.11.2012;02:00;1.2777;1.2781;1.2721;1.2777;291500;-3718;143891;147609;12-12
08.11.2012;02:00;09.11.2012;02:00;1.2754;1.2754;1.2744;1.2754;1032;-56;488;544;12-12
09.11.2012;02:00;10.11.2012;02:00;1.2754;1.2794;1.2693;1.2754;283218;920;142069;141149;12-12
11.11.2012;02:00;12.11.2012;02:00;1.2742;1.2742;1.2716;1.2742;3062;268;1665;1397;12-12
12.11.2012;02:00;13.11.2012;02:00;1.2742;1.2743;1.2701;1.2742;143685;-3555;70065;73620;12-12
12.11.2012;02:00;13.11.2012;02:00;1.2713;1.2713;1.2708;1.2713;608;-42;283;325;12-12
13.11.2012;02:00;14.11.2012;02:00;1.2713;1.2733;1.2665;1.2713;306777;-3691;151543;155234;12-12
13.11.2012;02:00;14.11.2012;02:00;1.2715;1.2715;1.2706;1.2715;1608;-196;706;902;12-12
14.11.2012;02:00;15.11.2012;02:00;1.2715;1.2787;1.2707;1.2715;262347;4849;133598;128749;12-12
14.11.2012;02:00;15.11.2012;02:00;1.2743;1.2743;1.2732;1.2743;1594;-40;777;817;12-12
15.11.2012;02:00;16.11.2012;02:00;1.2743;1.2807;1.2721;1.2743;223173;3857;113515;109658;12-12
15.11.2012;02:00;16.11.2012;02:00;1.2787;1.2787;1.2782;1.2787;809;131;470;339;12-12
16.11.2012;02:00;17.11.2012;02:00;1.2787;1.2788;1.2693;1.2787;251905;963;126434;125471;12-12
18.11.2012;02:00;19.11.2012;02:00;1.2764;1.2764;1.2743;1.2764;2117;667;1392;725;12-12
19.11.2012;02:00;20.11.2012;02:00;1.2764;1.2824;1.2748;1.2764;204410;4878;104644;99766;12-12
19.11.2012;02:00;20.11.2012;02:00;1.2793;1.2793;1.2768;1.2793;5423;-1569;1927;3496;12-12
20.11.2012;02:00;21.11.2012;02:00;1.2793;1.2832;1.2768;1.2793;232669;2015;117342;115327;12-12
20.11.2012;02:00;21.11.2012;02:00;1.2821;1.2821;1.2813;1.2821;1284;-2;641;643;12-12
21.11.2012;02:00;22.11.2012;02:00;1.2821;1.2836;1.2739;1.2821;233085;-1565;115760;117325;12-12
22.11.2012;02:00;23.11.2012;02:00;1.2887;1.2887;1.2872;1.2887;1529;235;882;647;12-12
23.11.2012;02:00;24.11.2012;02:00;1.2887;1.2994;1.2870;1.2887;186760;4298;95529;91231;12-12
25.11.2012;02:00;26.11.2012;02:00;1.2980;1.2980;1.2966;1.2980;2125;-183;971;1154;12-12
26.11.2012;02:00;27.11.2012;02:00;1.2980;1.2987;1.2946;1.2980;172433;-5375;83529;88904;12-12
26.11.2012;02:00;27.11.2012;02:00;1.2996;1.2996;1.2972;1.2996;5686;100;2893;2793;12-12
27.11.2012;02:00;28.11.2012;02:00;1.2996;1.3012;1.2917;1.2996;236263;-9339;113462;122801;12-12
27.11.2012;02:00;28.11.2012;02:00;1.2946;1.2946;1.2939;1.2946;1564;342;953;611;12-12
28.11.2012;02:00;29.11.2012;02:00;1.2946;1.2957;1.2881;1.2946;229869;-1655;114107;115762;12-12
28.11.2012;02:00;29.11.2012;02:00;1.2956;1.2956;1.2947;1.2956;1864;306;1085;779;12-12
29.11.2012;02:00;30.11.2012;02:00;1.2956;1.3017;1.2941;1.2956;238433;-4011;117211;121222;12-12
30.11.2012;02:00;01.12.2012;02:00;1.3031;1.3031;1.2969;1.3031;249818;-2488;123665;126153;12-12
02.12.2012;02:00;03.12.2012;02:00;1.2999;1.2999;1.2990;1.2999;1143;317;730;413;12-12
03.12.2012;02:00;04.12.2012;02:00;1.2999;1.3078;1.2995;1.2999;263547;-2163;130692;132855;12-12
03.12.2012;02:00;04.12.2012;02:00;1.3066;1.3066;1.3055;1.3066;1706;418;1062;644;12-12
04.12.2012;02:00;05.12.2012;02:00;1.3066;1.3110;1.3047;1.3066;246152;-4052;121050;125102;12-12
04.12.2012;02:00;05.12.2012;02:00;1.3101;1.3101;1.3093;1.3101;1000;224;612;388;12-12
05.12.2012;02:00;06.12.2012;02:00;1.3101;1.3130;1.3061;1.3101;245191;-4425;120383;124808;12-12
05.12.2012;02:00;06.12.2012;02:00;1.3075;1.3075;1.3068;1.3075;796;128;462;334;12-12
06.12.2012;02:00;07.12.2012;02:00;1.3075;1.3088;1.2951;1.3075;311418;-11054;150182;161236;12-12
06.12.2012;02:00;07.12.2012;02:00;1.2971;1.2971;1.2959;1.2971;1908;-276;816;1092;12-12
07.12.2012;02:00;08.12.2012;02:00;1.2971;1.2974;1.2877;1.2971;259295;-8781;125257;134038;12-12
09.12.2012;02:00;10.12.2012;02:00;1.2908;1.2908;1.2898;1.2908;887;-161;363;524;12-12
10.12.2012;02:00;11.12.2012;02:00;1.2908;1.2947;1.2886;1.2908;162955;3271;83113;79842;12-12
10.12.2012;02:00;11.12.2012;02:00;1.2944;1.2944;1.2936;1.2944;471;-69;201;270;12-12
11.12.2012;02:00;12.12.2012;02:00;1.2944;1.3016;1.2929;1.2944;192979;3563;98271;94708;12-12
11.12.2012;02:00;12.12.2012;02:00;1.3015;1.3015;1.3006;1.3015;1066;190;628;438;12-12
12.12.2012;02:00;13.12.2012;02:00;1.3015;1.3099;1.2996;1.3015;202375;1537;101956;100419;12-12
12.12.2012;02:00;13.12.2012;02:00;1.3072;1.3072;1.3065;1.3072;858;-126;366;492;12-12
13.12.2012;02:00;14.12.2012;02:00;1.3072;1.3101;1.3043;1.3072;172595;-397;86099;86496;12-12
13.12.2012;02:00;14.12.2012;02:00;1.3091;1.3091;1.3085;1.3091;769;163;466;303;03-13
14.12.2012;02:00;15.12.2012;02:00;1.3091;1.3186;1.3078;1.3091;213154;866;107010;106144;03-13
16.12.2012;02:00;17.12.2012;02:00;1.3205;1.3205;1.3175;1.3205;4130;62;2096;2034;03-13
17.12.2012;02:00;18.12.2012;02:00;1.3205;1.3191;1.3156;1.3173;145376;-590;72393;72983;03-13
17.12.2012;02:00;18.12.2012;02:00;1.3178;1.3178;1.3171;1.3173;971;-35;468;503;03-13
18.12.2012;02:00;19.12.2012;02:00;1.3175;1.3252;1.3168;1.3241;175384;126;87755;87629;03-13
18.12.2012;02:00;19.12.2012;02:00;1.3175;1.3248;1.3235;1.3241;1417;319;868;549;03-13
19.12.2012;02:00;20.12.2012;02:00;1.3240;1.3321;1.3236;1.3240;209509;35;104772;104737;03-13
19.12.2012;02:00;20.12.2012;02:00;1.3240;1.3227;1.3212;1.3240;3720;518;2119;1601;03-13
20.12.2012;02:00;21.12.2012;02:00;1.3240;1.3308;1.3215;1.3249;184346;-3042;90652;93694;03-13
20.12.2012;02:00;21.12.2012;02:00;1.3261;1.3261;1.3247;1.3249;1663;115;889;774;03-13
21.12.2012;02:00;22.12.2012;02:00;1.3249;1.3250;1.3170;1.3249;197778;-7900;94939;102839;03-13
23.12.2012;02:00;24.12.2012;02:00;1.3198;1.3198;1.3188;1.3194;1364;-398;483;881;03-13
24.12.2012;02:00;25.12.2012;02:00;1.3194;1.3247;1.3183;1.3194;57315;-2857;27229;30086;03-13
26.12.2012;02:00;27.12.2012;02:00;1.3267;1.3267;1.3195;1.3238;51331;-1165;25083;26248;03-13
26.12.2012;02:00;27.12.2012;02:00;1.3240;1.3240;1.3231;1.3238;676;18;347;329;03-13
27.12.2012;02:00;28.12.2012;02:00;1.3238;1.3295;1.3213;1.3258;149557;837;75197;74360;03-13
27.12.2012;02:00;28.12.2012;02:00;1.3238;1.3263;1.3242;1.3258;1961;287;1124;837;03-13
28.12.2012;02:00;29.12.2012;02:00;1.3257;1.3266;1.3175;1.3257;129043;-859;64092;64951;03-13
31.12.2012;02:00;01.01.2013;02:00;1.3245;1.3245;1.3181;1.3245;100360;-2160;49100;51260;03-13
30.12.2012;02:00;31.12.2012;02:00;1.3245;1.3242;1.3224;1.3245;1450;322;886;564;03-13
